{
  "Homepage" : {
    "transaction" : "Homepage",
    "sampleCount" : 30,
    "errorCount" : 0,
    "errorPct" : 0.0,
    "meanResTime" : 267.6,
    "medianResTime" : 190.5,
    "minResTime" : 102.0,
    "maxResTime" : 570.0,
    "pct1ResTime" : 532.8000000000001,
    "pct2ResTime" : 560.1,
    "pct3ResTime" : 570.0,
    "throughput" : 5.793742757821553,
    "receivedKBytesPerSec" : 1729.1832633256083,
    "sentKBytesPerSec" : 0.7525076042873696
  },
  "Total" : {
    "transaction" : "Total",
    "sampleCount" : 30,
    "errorCount" : 0,
    "errorPct" : 0.0,
    "meanResTime" : 267.6,
    "medianResTime" : 190.5,
    "minResTime" : 102.0,
    "maxResTime" : 570.0,
    "pct1ResTime" : 532.8000000000001,
    "pct2ResTime" : 560.1,
    "pct3ResTime" : 570.0,
    "throughput" : 5.793742757821553,
    "receivedKBytesPerSec" : 1729.1832633256083,
    "sentKBytesPerSec" : 0.7525076042873696
  }
}